week,R,H ,T,T9-1,T1-5,T5-8,T8-9,Age,HAOHFamily,HAOHFriend,HAOHSchool,HAOHAdvertisement/Poster/Helpcard,HAOHOzone Staff,HAOHPolice/Court/Probation Officer,HAOHOther Org.,HAOHIs a Previous Client,HAOHO.H. Street/Outreach,HAOHPOWs,HAOHMental Health Professional,HAOHInternet/Online Search,HAOHDrop-InCenter,HAOHHousing Access,HAOHOther,HAOHUnknown,PA,PB,PC,PD,PE,PF,PG,PH,PI,PJ,PK,PL,PM,PN,PO,PP,PQ,PR,PS,PT,PU,PV,PW,PX,PY ,PZ,Paa,Pbb,Pcc,Pdd,Pee,Pff,Pgg,Phh,Pii,Pjj,Pkk,SPEmpathy,SPInfoGathering,SPProblemSolving,SPRealityTesting,SPSafetyPlanning,ISIDFamily Conflict,ISIDCurrent Abuse,ISIDSuicide,ISIDOn the street,ISIDDomestic Violence,ISIDOther,SafetyPlan,AnxietyStart,AnxietyEnd,Increase,Decrease,No Change,PositiveChange,CallsInCrisisw/SP,Intake Scheduled,# of Referrals Given
1,0.36551724137931035,0.593103448275862,0.020689655172413793,0.3931034482758621,0.4,0.1724137931034483,0.034482758620689655,15.751724137931035,0.020689655172413793,0.09655172413793103,0.05517241379310345,0.04827586206896552,0.034482758620689655,0.027586206896551724,0.1310344827586207,0.041379310344827586,0.0,0.0,0.027586206896551724,0.06206896551724138,0.0,0.013793103448275862,0.0,0.45517241379310347,0.2,0.1310344827586207,0.43448275862068964,0.11724137931034483,0.14482758620689656,0.2620689655172414,0.08275862068965517,0.16551724137931034,0.013793103448275862,0.04827586206896552,0.04827586206896552,0.006896551724137931,0.013793103448275862,0.034482758620689655,0.041379310344827586,0.041379310344827586,0.12413793103448276,0.05517241379310345,0.027586206896551724,0.006896551724137931,0.020689655172413793,0.027586206896551724,0.020689655172413793,0.027586206896551724,0.006896551724137931,0.041379310344827586,0.020689655172413793,0.034482758620689655,0.027586206896551724,0.05517241379310345,0.0,0.0,0.0,0.0,0.0,0.013793103448275862,0.0,0.7724137931034483,0.8620689655172413,0.6137931034482759,0.3586206896551724,0.3931034482758621,0.05517241379310345,0.04827586206896552,0.020689655172413793,0.16551724137931034,0.0,0.08275862068965517,0.22758620689655173,1.0551724137931036,0.8482758620689655,0.0,0.16551724137931034,0.2413793103448276,0.06896551724137931,0.09655172413793103,0.19310344827586207,0.9586206896551724
2,0.42105263157894735,0.5263157894736842,0.024291497975708502,0.4089068825910931,0.4251012145748988,0.11740890688259109,0.044534412955465584,12.850202429149798,0.05263157894736842,0.11740890688259109,0.08502024291497975,0.012145748987854251,0.020242914979757085,0.04048582995951417,0.1417004048582996,0.016194331983805668,0.004048582995951417,0.0,0.032388663967611336,0.04048582995951417,0.008097165991902834,0.024291497975708502,0.008097165991902834,0.39271255060728744,0.23481781376518218,0.0728744939271255,0.3481781376518219,0.10121457489878542,0.14979757085020243,0.3319838056680162,0.06477732793522267,0.16194331983805668,0.004048582995951417,0.048582995951417005,0.03643724696356275,0.004048582995951417,0.048582995951417005,0.012145748987854251,0.020242914979757085,0.020242914979757085,0.06477732793522267,0.07692307692307693,0.02834008097165992,0.008097165991902834,0.024291497975708502,0.07692307692307693,0.03643724696356275,0.032388663967611336,0.004048582995951417,0.11740890688259109,0.0,0.02834008097165992,0.008097165991902834,0.0728744939271255,0.004048582995951417,0.004048582995951417,0.0,0.0,0.004048582995951417,0.004048582995951417,0.0,0.7854251012145749,0.902834008097166,0.6437246963562753,0.27530364372469635,0.2793522267206478,0.08502024291497975,0.024291497975708502,0.044534412955465584,0.20242914979757085,0.016194331983805668,0.04048582995951417,0.21052631578947367,1.0,0.8097165991902834,0.0,0.1659919028340081,0.23481781376518218,0.044534412955465584,0.10931174089068826,0.145748987854251,0.7611336032388664
3,0.4046242774566474,0.5433526011560693,0.023121387283236993,0.3930635838150289,0.3930635838150289,0.1791907514450867,0.028901734104046242,14.398843930635838,0.05202312138728324,0.06936416184971098,0.08092485549132948,0.017341040462427744,0.017341040462427744,0.03468208092485549,0.12716763005780346,0.046242774566473986,0.0,0.005780346820809248,0.011560693641618497,0.05202312138728324,0.023121387283236993,0.028901734104046242,0.005780346820809248,0.41040462427745666,0.15028901734104047,0.057803468208092484,0.23699421965317918,0.10982658959537572,0.11560693641618497,0.20809248554913296,0.07514450867052024,0.13872832369942195,0.011560693641618497,0.03468208092485549,0.017341040462427744,0.011560693641618497,0.023121387283236993,0.005780346820809248,0.005780346820809248,0.011560693641618497,0.06358381502890173,0.06358381502890173,0.017341040462427744,0.005780346820809248,0.03468208092485549,0.046242774566473986,0.03468208092485549,0.03468208092485549,0.0,0.06358381502890173,0.005780346820809248,0.04046242774566474,0.028901734104046242,0.10404624277456648,0.0,0.0,0.0,0.005780346820809248,0.0,0.0,0.005780346820809248,0.7456647398843931,0.884393063583815,0.6242774566473989,0.3063583815028902,0.34104046242774566,0.11560693641618497,0.05202312138728324,0.06936416184971098,0.14450867052023122,0.017341040462427744,0.028901734104046242,0.2832369942196532,1.23121387283237,0.9942196531791907,0.0,0.1676300578034682,0.30057803468208094,0.057803468208092484,0.13872832369942195,0.12716763005780346,0.6878612716763006
4,0.3918918918918919,0.5720720720720721,0.0045045045045045045,0.4099099099099099,0.3783783783783784,0.16666666666666666,0.04504504504504504,14.144144144144144,0.03153153153153153,0.07207207207207207,0.0945945945945946,0.03153153153153153,0.04954954954954955,0.009009009009009009,0.11261261261261261,0.03153153153153153,0.0,0.0,0.02252252252252252,0.05855855855855856,0.0045045045045045045,0.036036036036036036,0.0045045045045045045,0.43243243243243246,0.18018018018018017,0.06306306306306306,0.26126126126126126,0.05855855855855856,0.13063063063063063,0.32432432432432434,0.07207207207207207,0.11711711711711711,0.018018018018018018,0.04954954954954955,0.06756756756756757,0.018018018018018018,0.04504504504504504,0.02252252252252252,0.0,0.009009009009009009,0.08558558558558559,0.05405405405405406,0.02702702702702703,0.018018018018018018,0.018018018018018018,0.04504504504504504,0.036036036036036036,0.04054054054054054,0.0,0.04954954954954955,0.0045045045045045045,0.02702702702702703,0.009009009009009009,0.07657657657657657,0.0,0.0,0.0,0.0,0.0,0.0,0.009009009009009009,0.7297297297297297,0.8378378378378378,0.581081081081081,0.30180180180180183,0.31981981981981983,0.07207207207207207,0.03153153153153153,0.04954954954954955,0.14864864864864866,0.013513513513513514,0.04504504504504504,0.23423423423423423,0.9954954954954955,0.7972972972972973,0.0045045045045045045,0.15765765765765766,0.24324324324324326,0.03153153153153153,0.11711711711711711,0.11711711711711711,0.7747747747747747
5,0.42786069651741293,0.5472636815920398,0.014925373134328358,0.39303482587064675,0.40298507462686567,0.15422885572139303,0.04975124378109453,15.457711442786069,0.04477611940298507,0.08955223880597014,0.04477611940298507,0.024875621890547265,0.024875621890547265,0.01990049751243781,0.16417910447761194,0.01990049751243781,0.0,0.0,0.01990049751243781,0.029850746268656716,0.004975124378109453,0.029850746268656716,0.009950248756218905,0.4228855721393035,0.22388059701492538,0.14925373134328357,0.32338308457711445,0.07462686567164178,0.20398009950248755,0.36318407960199006,0.11442786069651742,0.17412935323383086,0.004975124378109453,0.03980099502487562,0.029850746268656716,0.03482587064676617,0.01990049751243781,0.01990049751243781,0.03980099502487562,0.024875621890547265,0.05472636815920398,0.0845771144278607,0.024875621890547265,0.0,0.009950248756218905,0.06467661691542288,0.05472636815920398,0.029850746268656716,0.004975124378109453,0.09950248756218906,0.024875621890547265,0.024875621890547265,0.01990049751243781,0.12437810945273632,0.009950248756218905,0.009950248756218905,0.0,0.004975124378109453,0.004975124378109453,0.0,0.004975124378109453,0.7810945273631841,0.9054726368159204,0.6616915422885572,0.31343283582089554,0.3383084577114428,0.06467661691542288,0.024875621890547265,0.01990049751243781,0.14427860696517414,0.004975124378109453,0.0,0.263681592039801,1.064676616915423,0.8208955223880597,0.004975124378109453,0.20398009950248755,0.24378109452736318,0.04975124378109453,5676.681592039801,0.1044776119402985,0.7860696517412935
6,0.49523809523809526,0.44761904761904764,0.014285714285714285,0.40476190476190477,0.4142857142857143,0.15714285714285714,0.023809523809523808,13.4,0.047619047619047616,0.09523809523809523,0.08095238095238096,0.004761904761904762,0.047619047619047616,0.023809523809523808,0.21428571428571427,0.009523809523809525,0.0,0.0,0.014285714285714285,0.04285714285714286,0.0,0.009523809523809525,0.004761904761904762,0.4142857142857143,0.21428571428571427,0.09523809523809523,0.24285714285714285,0.08571428571428572,0.1761904761904762,0.3333333333333333,0.09523809523809523,0.1380952380952381,0.0,0.0380952380952381,0.05714285714285714,0.023809523809523808,0.047619047619047616,0.023809523809523808,0.03333333333333333,0.0380952380952381,0.09523809523809523,0.04285714285714286,0.02857142857142857,0.004761904761904762,0.01904761904761905,0.05238095238095238,0.06190476190476191,0.014285714285714285,0.004761904761904762,0.10476190476190476,0.014285714285714285,0.0380952380952381,0.009523809523809525,0.09047619047619047,0.0,0.009523809523809525,0.009523809523809525,0.004761904761904762,0.004761904761904762,0.004761904761904762,0.023809523809523808,0.7428571428571429,0.861904761904762,0.5714285714285714,0.319047619047619,0.35714285714285715,0.0761904761904762,0.05238095238095238,0.03333333333333333,0.11904761904761904,0.009523809523809525,0.02857142857142857,0.20476190476190476,1.042857142857143,0.7952380952380952,0.004761904761904762,0.2,0.21904761904761905,0.0380952380952381,0.11904761904761904,0.12380952380952381,0.6714285714285714
7,0.44680851063829785,0.502127659574468,0.0425531914893617,0.3191489361702128,0.4595744680851064,0.1574468085106383,0.059574468085106386,14.736170212765957,0.03829787234042553,0.10212765957446808,0.10638297872340426,0.01702127659574468,0.02553191489361702,0.02127659574468085,0.19574468085106383,0.029787234042553193,0.0,0.0,0.02127659574468085,0.01276595744680851,0.0,0.02553191489361702,0.0,0.4085106382978723,0.20425531914893616,0.09787234042553192,0.3446808510638298,0.05106382978723404,0.15319148936170213,0.2978723404255319,0.10212765957446808,0.14042553191489363,0.01276595744680851,0.03404255319148936,0.0425531914893617,0.02127659574468085,0.02553191489361702,0.01276595744680851,0.02127659574468085,0.04680851063829787,0.05106382978723404,0.0425531914893617,0.02127659574468085,0.00851063829787234,0.00851063829787234,0.05106382978723404,0.03829787234042553,0.07234042553191489,0.0,0.09361702127659574,0.02127659574468085,0.0425531914893617,0.02127659574468085,0.05106382978723404,0.00425531914893617,0.00425531914893617,0.00425531914893617,0.01702127659574468,0.01702127659574468,0.00851063829787234,0.02127659574468085,0.7702127659574468,0.902127659574468,0.6,0.2425531914893617,0.28936170212765955,0.10638297872340426,0.0425531914893617,0.03829787234042553,0.13617021276595745,0.0,0.029787234042553193,0.2851063829787234,1.2638297872340425,0.9148936170212766,0.0,0.2723404255319149,0.2127659574468085,0.06808510638297872,0.14893617021276595,0.13191489361702127,0.6510638297872341
8,0.4666666666666667,0.49047619047619045,0.02857142857142857,0.4095238095238095,0.4095238095238095,0.1380952380952381,0.02857142857142857,14.885714285714286,0.04285714285714286,0.0761904761904762,0.07142857142857142,0.009523809523809525,0.014285714285714285,0.0380952380952381,0.1523809523809524,0.023809523809523808,0.004761904761904762,0.0,0.06666666666666667,0.07142857142857142,0.009523809523809525,0.02857142857142857,0.004761904761904762,0.38095238095238093,0.20952380952380953,0.09523809523809523,0.3238095238095238,0.10952380952380952,0.13333333333333333,0.3047619047619048,0.1,0.13333333333333333,0.023809523809523808,0.0380952380952381,0.02857142857142857,0.023809523809523808,0.0380952380952381,0.014285714285714285,0.0380952380952381,0.01904761904761905,0.04285714285714286,0.047619047619047616,0.023809523809523808,0.014285714285714285,0.004761904761904762,0.02857142857142857,0.05238095238095238,0.0380952380952381,0.0,0.05714285714285714,0.004761904761904762,0.02857142857142857,0.014285714285714285,0.06666666666666667,0.0,0.009523809523809525,0.0,0.014285714285714285,0.014285714285714285,0.004761904761904762,0.009523809523809525,0.8095238095238095,0.9047619047619048,0.6571428571428571,0.3238095238095238,0.3380952380952381,0.12857142857142856,0.05714285714285714,0.05714285714285714,0.1761904761904762,0.004761904761904762,0.047619047619047616,0.2904761904761905,1.3857142857142857,1.0857142857142856,0.009523809523809525,0.24285714285714285,0.2857142857142857,0.06666666666666667,0.18095238095238095,0.09523809523809523,0.8047619047619048
9,0.5294117647058824,0.42016806722689076,0.03361344537815126,0.36134453781512604,0.42857142857142855,0.13865546218487396,0.06722689075630252,14.084033613445378,0.025210084033613446,0.1134453781512605,0.10084033613445378,0.025210084033613446,0.02100840336134454,0.029411764705882353,0.13025210084033614,0.029411764705882353,0.0,0.0,0.025210084033613446,0.05042016806722689,0.0,0.012605042016806723,0.0,0.42016806722689076,0.226890756302521,0.12184873949579832,0.21428571428571427,0.046218487394957986,0.1092436974789916,0.31932773109243695,0.058823529411764705,0.19747899159663865,0.008403361344537815,0.07142857142857142,0.029411764705882353,0.012605042016806723,0.04201680672268908,0.008403361344537815,0.029411764705882353,0.04201680672268908,0.08403361344537816,0.037815126050420166,0.01680672268907563,0.01680672268907563,0.012605042016806723,0.02100840336134454,0.06302521008403361,0.029411764705882353,0.008403361344537815,0.07142857142857142,0.02100840336134454,0.037815126050420166,0.02100840336134454,0.12184873949579832,0.012605042016806723,0.025210084033613446,0.004201680672268907,0.01680672268907563,0.004201680672268907,0.012605042016806723,0.012605042016806723,0.7100840336134454,0.8697478991596639,0.6176470588235294,0.29831932773109243,0.29831932773109243,0.14705882352941177,0.037815126050420166,0.0546218487394958,0.11764705882352941,0.004201680672268907,0.03361344537815126,0.24369747899159663,1.2058823529411764,0.9285714285714286,0.004201680672268907,0.21428571428571427,0.24789915966386555,0.07142857142857142,588.3739495798319,0.12184873949579832,0.7563025210084033
10,0.46153846153846156,0.5,0.038461538461538464,0.3901098901098901,0.4010989010989011,0.19230769230769232,0.01098901098901099,13.956043956043956,0.027472527472527472,0.06593406593406594,0.08241758241758242,0.027472527472527472,0.03296703296703297,0.016483516483516484,0.13736263736263737,0.06043956043956044,0.0,0.0,0.027472527472527472,0.07142857142857142,0.0,0.01098901098901099,0.005494505494505495,0.4010989010989011,0.2032967032967033,0.08241758241758242,0.25274725274725274,0.12087912087912088,0.14285714285714285,0.33516483516483514,0.06043956043956044,0.16483516483516483,0.01098901098901099,0.016483516483516484,0.04395604395604396,0.02197802197802198,0.03296703296703297,0.027472527472527472,0.027472527472527472,0.016483516483516484,0.03296703296703297,0.054945054945054944,0.03296703296703297,0.01098901098901099,0.027472527472527472,0.04945054945054945,0.03296703296703297,0.038461538461538464,0.0,0.04945054945054945,0.016483516483516484,0.04395604395604396,0.016483516483516484,0.14285714285714285,0.0,0.005494505494505495,0.005494505494505495,0.0,0.0,0.0,0.005494505494505495,0.7417582417582418,0.8736263736263736,0.5824175824175825,0.25824175824175827,0.24175824175824176,0.08791208791208792,0.04395604395604396,0.04395604395604396,0.08791208791208792,0.01098901098901099,0.02197802197802198,0.21978021978021978,1.1923076923076923,0.8406593406593407,0.005494505494505495,0.25274725274725274,0.1978021978021978,0.06593406593406594,0.1043956043956044,0.1813186813186813,0.7307692307692307
11,0.525,0.42,0.03,0.365,0.41,0.18,0.045,14.49,0.065,0.055,0.06,0.03,0.035,0.04,0.175,0.025,0.0,0.0,0.03,0.12,0.0,0.0,0.015,0.315,0.185,0.07,0.3,0.095,0.1,0.38,0.03,0.18,0.005,0.02,0.03,0.03,0.035,0.025,0.03,0.065,0.025,0.07,0.05,0.005,0.02,0.05,0.04,0.07,0.01,0.055,0.055,0.04,0.025,0.16,0.005,0.005,0.0,0.005,0.01,0.0,0.0,0.805,0.93,0.63,0.26,0.305,0.09,0.045,0.025,0.11,0.0,0.04,0.255,1.465,1.19,0.005,0.24,0.28,0.065,0.155,0.155,0.67
12,0.5303030303030303,0.4431818181818182,0.011363636363636364,0.42424242424242425,0.4090909090909091,0.13636363636363635,0.026515151515151516,14.238636363636363,0.03409090909090909,0.07954545454545454,0.07575757575757576,0.030303030303030304,0.026515151515151516,0.03409090909090909,0.17803030303030304,0.030303030303030304,0.003787878787878788,0.003787878787878788,0.015151515151515152,0.041666666666666664,0.007575757575757576,0.007575757575757576,0.007575757575757576,0.4053030303030303,0.1856060606060606,0.07954545454545454,0.2689393939393939,0.07954545454545454,0.12121212121212122,0.36742424242424243,0.030303030303030304,0.1856060606060606,0.007575757575757576,0.030303030303030304,0.056818181818181816,0.022727272727272728,0.045454545454545456,0.011363636363636364,0.011363636363636364,0.03787878787878788,0.022727272727272728,0.04924242424242424,0.01893939393939394,0.015151515151515152,0.01893939393939394,0.045454545454545456,0.022727272727272728,0.03787878787878788,0.011363636363636364,0.045454545454545456,0.030303030303030304,0.045454545454545456,0.015151515151515152,0.12121212121212122,0.015151515151515152,0.007575757575757576,0.003787878787878788,0.003787878787878788,0.003787878787878788,0.003787878787878788,0.003787878787878788,0.7537878787878788,0.928030303030303,0.6174242424242424,0.2727272727272727,0.29924242424242425,0.09848484848484848,0.03409090909090909,0.041666666666666664,0.10606060606060606,0.003787878787878788,0.030303030303030304,0.2196969696969697,1.0871212121212122,0.821969696969697,0.003787878787878788,0.2159090909090909,0.19696969696969696,0.05303030303030303,0.11363636363636363,0.14772727272727273,0.696969696969697
13,0.47317073170731705,0.5073170731707317,0.014634146341463415,0.4146341463414634,0.4097560975609756,0.13170731707317074,0.04390243902439024,12.839024390243903,0.04390243902439024,0.06341463414634146,0.03902439024390244,0.01951219512195122,0.02926829268292683,0.03902439024390244,0.14634146341463414,0.06829268292682927,0.0,0.0,0.02926829268292683,0.04878048780487805,0.004878048780487805,0.00975609756097561,0.00975609756097561,0.43902439024390244,0.14634146341463414,0.0975609756097561,0.2975609756097561,0.06829268292682927,0.15609756097560976,0.32682926829268294,0.01951219512195122,0.16585365853658537,0.00975609756097561,0.014634146341463415,0.024390243902439025,0.004878048780487805,0.04878048780487805,0.00975609756097561,0.024390243902439025,0.014634146341463415,0.05365853658536585,0.04878048780487805,0.03902439024390244,0.01951219512195122,0.014634146341463415,0.04878048780487805,0.05853658536585366,0.04390243902439024,0.00975609756097561,0.09268292682926829,0.05365853658536585,0.04878048780487805,0.024390243902439025,0.14634146341463414,0.0,0.0,0.004878048780487805,0.01951219512195122,0.00975609756097561,0.00975609756097561,0.004878048780487805,0.7219512195121951,0.8829268292682927,0.6292682926829268,0.2682926829268293,0.25853658536585367,0.08780487804878048,0.04878048780487805,0.01951219512195122,0.09268292682926829,0.01951219512195122,0.02926829268292683,0.2,1.1121951219512196,0.8926829268292683,0.0,0.2,0.25365853658536586,0.08292682926829269,5564.165853658536,0.14146341463414633,0.8097560975609757
14,0.45410628019323673,0.5265700483091788,0.014492753623188406,0.4251207729468599,0.40096618357487923,0.13043478260869565,0.03864734299516908,13.429951690821255,0.028985507246376812,0.07729468599033816,0.05314009661835749,0.024154589371980676,0.014492753623188406,0.07246376811594203,0.17391304347826086,0.028985507246376812,0.0,0.0,0.05314009661835749,0.05314009661835749,0.004830917874396135,0.00966183574879227,0.01932367149758454,0.3719806763285024,0.18840579710144928,0.06763285024154589,0.30434782608695654,0.0821256038647343,0.1642512077294686,0.357487922705314,0.043478260869565216,0.178743961352657,0.014492753623188406,0.033816425120772944,0.043478260869565216,0.033816425120772944,0.04830917874396135,0.004830917874396135,0.033816425120772944,0.03864734299516908,0.01932367149758454,0.07729468599033816,0.00966183574879227,0.004830917874396135,0.024154589371980676,0.05314009661835749,0.057971014492753624,0.033816425120772944,0.0,0.08695652173913043,0.024154589371980676,0.03864734299516908,0.024154589371980676,0.11594202898550725,0.00966183574879227,0.00966183574879227,0.004830917874396135,0.014492753623188406,0.024154589371980676,0.00966183574879227,0.014492753623188406,0.7971014492753623,0.9130434782608695,0.6763285024154589,0.2995169082125604,0.3188405797101449,0.07729468599033816,0.028985507246376812,0.033816425120772944,0.11594202898550725,0.0,0.024154589371980676,0.2995169082125604,1.1545893719806763,0.893719806763285,0.0,0.1932367149758454,0.2560386473429952,0.024154589371980676,0.1642512077294686,0.10628019323671498,0.7198067632850241
15,0.4474885844748858,0.5068493150684932,0.0319634703196347,0.3333333333333333,0.4520547945205479,0.1735159817351598,0.0410958904109589,14.031963470319635,0.0319634703196347,0.0593607305936073,0.045662100456621,0.0182648401826484,0.0319634703196347,0.0502283105022831,0.136986301369863,0.0273972602739726,0.0045662100456621,0.0,0.0365296803652968,0.0365296803652968,0.0136986301369863,0.0228310502283105,0.0182648401826484,0.4657534246575342,0.1415525114155251,0.0684931506849315,0.3378995433789954,0.091324200913242,0.1689497716894977,0.3378995433789954,0.0502283105022831,0.2602739726027397,0.0136986301369863,0.0821917808219178,0.0319634703196347,0.0502283105022831,0.0182648401826484,0.0273972602739726,0.0410958904109589,0.0319634703196347,0.0228310502283105,0.1050228310502283,0.0319634703196347,0.0091324200913242,0.0319634703196347,0.0365296803652968,0.0593607305936073,0.0502283105022831,0.0,0.0365296803652968,0.0365296803652968,0.045662100456621,0.0091324200913242,0.1232876712328767,0.0136986301369863,0.0091324200913242,0.0,0.0182648401826484,0.0136986301369863,0.0091324200913242,0.0091324200913242,0.7488584474885844,0.908675799086758,0.6027397260273972,0.2922374429223744,0.2831050228310502,0.1278538812785388,0.0410958904109589,0.0776255707762557,0.1232876712328767,0.0091324200913242,0.0182648401826484,0.2328767123287671,1.08675799086758,0.8264840182648402,0.0091324200913242,0.2054794520547945,0.2054794520547945,0.0502283105022831,0.1324200913242009,0.136986301369863,0.6712328767123288
16,0.4811320754716981,0.46226415094339623,0.018867924528301886,0.4009433962264151,0.4056603773584906,0.12735849056603774,0.05660377358490566,13.830188679245284,0.02830188679245283,0.04716981132075472,0.0660377358490566,0.0330188679245283,0.02358490566037736,0.04245283018867924,0.14150943396226415,0.0330188679245283,0.0,0.0,0.02358490566037736,0.018867924528301886,0.009433962264150943,0.018867924528301886,0.0330188679245283,0.5141509433962265,0.19339622641509435,0.09905660377358491,0.2830188679245283,0.10377358490566038,0.14150943396226415,0.3584905660377358,0.08490566037735849,0.2028301886792453,0.014150943396226415,0.018867924528301886,0.03773584905660377,0.014150943396226415,0.04245283018867924,0.018867924528301886,0.02358490566037736,0.02830188679245283,0.03773584905660377,0.06132075471698113,0.0,0.014150943396226415,0.009433962264150943,0.02830188679245283,0.04716981132075472,0.03773584905660377,0.0047169811320754715,0.08962264150943396,0.02830188679245283,0.02358490566037736,0.0047169811320754715,0.14150943396226415,0.0047169811320754715,0.0047169811320754715,0.018867924528301886,0.0,0.0,0.0047169811320754715,0.009433962264150943,0.7783018867924528,0.9009433962264151,0.5754716981132075,0.28773584905660377,0.3160377358490566,0.08490566037735849,0.0330188679245283,0.018867924528301886,0.10377358490566038,0.0,0.02358490566037736,0.19339622641509435,0.9622641509433962,0.7783018867924528,0.0,0.1650943396226415,0.25471698113207547,0.04245283018867924,0.08962264150943396,0.1320754716981132,0.6556603773584906
17,0.5246636771300448,0.4080717488789238,0.03587443946188341,0.3901345291479821,0.4125560538116592,0.15246636771300448,0.03587443946188341,13.645739910313901,0.04932735426008968,0.11210762331838565,0.07174887892376682,0.026905829596412557,0.02242152466367713,0.026905829596412557,0.17488789237668162,0.013452914798206279,0.0,0.0,0.03139013452914798,0.04035874439461883,0.0,0.026905829596412557,0.008968609865470852,0.37668161434977576,0.18834080717488788,0.08071748878923767,0.26905829596412556,0.08520179372197309,0.14798206278026907,0.4080717488789238,0.026905829596412557,0.2062780269058296,0.008968609865470852,0.03139013452914798,0.03587443946188341,0.013452914798206279,0.03587443946188341,0.008968609865470852,0.013452914798206279,0.04932735426008968,0.04484304932735426,0.06726457399103139,0.017937219730941704,0.013452914798206279,0.004484304932735426,0.04484304932735426,0.04035874439461883,0.06278026905829596,0.004484304932735426,0.09417040358744394,0.053811659192825115,0.03587443946188341,0.013452914798206279,0.16143497757847533,0.0,0.0,0.0,0.026905829596412557,0.004484304932735426,0.004484304932735426,0.008968609865470852,0.8161434977578476,0.8923766816143498,0.5739910313901345,0.273542600896861,0.2600896860986547,0.08071748878923767,0.04932735426008968,0.03587443946188341,0.13004484304932734,0.026905829596412557,0.03139013452914798,0.16591928251121077,1.0224215246636772,0.8071748878923767,0.0,0.18385650224215247,0.23318385650224216,0.05829596412556054,0.06726457399103139,0.12556053811659193,0.7085201793721974
18,0.502283105022831,0.4520547945205479,0.0365296803652968,0.4429223744292237,0.3744292237442922,0.1324200913242009,0.045662100456621,14.337899543378995,0.0136986301369863,0.0684931506849315,0.0684931506849315,0.0182648401826484,0.0273972602739726,0.0410958904109589,0.2054794520547945,0.0410958904109589,0.0,0.0,0.0182648401826484,0.0502283105022831,0.0,0.045662100456621,0.0045662100456621,0.3607305936073059,0.2191780821917808,0.0776255707762557,0.2511415525114155,0.091324200913242,0.1598173515981735,0.45662100456621,0.0273972602739726,0.1735159817351598,0.0091324200913242,0.0,0.0228310502283105,0.0136986301369863,0.045662100456621,0.0273972602739726,0.0273972602739726,0.0319634703196347,0.0136986301369863,0.0684931506849315,0.0319634703196347,0.0182648401826484,0.0045662100456621,0.0410958904109589,0.0639269406392694,0.0319634703196347,0.0045662100456621,0.0639269406392694,0.0273972602739726,0.0776255707762557,0.0228310502283105,0.1872146118721461,0.0091324200913242,0.0136986301369863,0.0091324200913242,0.0,0.0045662100456621,0.0091324200913242,0.0091324200913242,0.817351598173516,0.954337899543379,0.6986301369863014,0.3287671232876712,0.3698630136986301,0.0730593607305936,0.0319634703196347,0.0228310502283105,0.1278538812785388,0.0045662100456621,0.045662100456621,0.228310502283105,1.0228310502283104,0.8310502283105022,0.0045662100456621,0.1598173515981735,0.2146118721461187,0.0365296803652968,5211.041095890411,0.1050228310502283,0.7397260273972602
19,0.5415162454873647,0.4259927797833935,0.010830324909747292,0.3971119133574007,0.38267148014440433,0.17328519855595667,0.04693140794223827,13.090252707581227,0.06498194945848375,0.08303249097472924,0.08664259927797834,0.010830324909747292,0.02527075812274368,0.01444043321299639,0.1552346570397112,0.021660649819494584,0.0,0.0,0.018050541516245487,0.032490974729241874,0.010830324909747292,0.021660649819494584,0.01444043321299639,0.4296028880866426,0.22743682310469315,0.08664259927797834,0.2743682310469314,0.07220216606498195,0.148014440433213,0.4007220216606498,0.032490974729241874,0.18050541516245489,0.01444043321299639,0.02527075812274368,0.032490974729241874,0.021660649819494584,0.06859205776173286,0.01444043321299639,0.021660649819494584,0.06498194945848375,0.04332129963898917,0.05054151624548736,0.010830324909747292,0.021660649819494584,0.021660649819494584,0.061371841155234655,0.05776173285198556,0.04332129963898917,0.0036101083032490976,0.13357400722021662,0.039711191335740074,0.039711191335740074,0.02527075812274368,0.1371841155234657,0.010830324909747292,0.01444043321299639,0.0036101083032490976,0.01444043321299639,0.0,0.010830324909747292,0.01444043321299639,0.7942238267148014,0.9169675090252708,0.6462093862815884,0.3249097472924188,0.2924187725631769,0.09025270758122744,0.04332129963898917,0.010830324909747292,0.09747292418772563,0.01444043321299639,0.04332129963898917,0.18050541516245489,0.9566787003610109,0.776173285198556,0.0,0.1407942238267148,0.24187725631768953,0.032490974729241874,0.09747292418772563,0.16967509025270758,0.6787003610108303
20,0.5054945054945055,0.4432234432234432,0.018315018315018316,0.358974358974359,0.42124542124542125,0.1794871794871795,0.02564102564102564,13.80952380952381,0.03296703296703297,0.05128205128205128,0.08424908424908426,0.02564102564102564,0.03663003663003663,0.040293040293040296,0.19047619047619047,0.03663003663003663,0.003663003663003663,0.003663003663003663,0.01098901098901099,0.054945054945054944,0.0,0.01098901098901099,0.02197802197802198,0.3772893772893773,0.23809523809523808,0.10256410256410256,0.3626373626373626,0.0989010989010989,0.10256410256410256,0.3882783882783883,0.03663003663003663,0.2087912087912088,0.014652014652014652,0.05128205128205128,0.040293040293040296,0.02564102564102564,0.04395604395604396,0.01098901098901099,0.03663003663003663,0.03296703296703297,0.047619047619047616,0.07692307692307693,0.040293040293040296,0.018315018315018316,0.03663003663003663,0.06593406593406594,0.05128205128205128,0.047619047619047616,0.0,0.08791208791208792,0.06227106227106227,0.054945054945054944,0.01098901098901099,0.07692307692307693,0.0,0.003663003663003663,0.0,0.003663003663003663,0.0,0.0,0.0,0.8095238095238095,0.9340659340659341,0.6813186813186813,0.31868131868131866,0.358974358974359,0.08424908424908426,0.03296703296703297,0.03296703296703297,0.12087912087912088,0.01098901098901099,0.029304029304029304,0.20146520146520147,1.0952380952380953,0.8608058608058609,0.0,0.20146520146520147,0.24175824175824176,0.06593406593406594,0.12087912087912088,0.12454212454212454,0.8901098901098901
21,0.5241635687732342,0.46096654275092935,0.007434944237918215,0.4275092936802974,0.3828996282527881,0.13382899628252787,0.04460966542750929,12.048327137546469,0.040892193308550186,0.08178438661710037,0.07063197026022305,0.01486988847583643,0.02973977695167286,0.026022304832713755,0.20074349442379183,0.01858736059479554,0.0,0.0,0.011152416356877323,0.048327137546468404,0.011152416356877323,0.026022304832713755,0.007434944237918215,0.38661710037174724,0.20074349442379183,0.11895910780669144,0.29739776951672864,0.07434944237918216,0.13011152416356878,0.3903345724907063,0.04460966542750929,0.18587360594795538,0.01486988847583643,0.026022304832713755,0.05947955390334572,0.03345724907063197,0.06319702602230483,0.022304832713754646,0.022304832713754646,0.022304832713754646,0.04460966542750929,0.055762081784386616,0.01858736059479554,0.011152416356877323,0.022304832713754646,0.055762081784386616,0.06319702602230483,0.05204460966542751,0.007434944237918215,0.08178438661710037,0.048327137546468404,0.055762081784386616,0.01858736059479554,0.11895910780669144,0.011152416356877323,0.007434944237918215,0.0037174721189591076,0.01858736059479554,0.0037174721189591076,0.0,0.007434944237918215,0.7323420074349443,0.895910780669145,0.620817843866171,0.3271375464684015,0.2936802973977695,0.07434944237918216,0.040892193308550186,0.05947955390334572,0.12639405204460966,0.0037174721189591076,0.048327137546468404,0.20817843866171004,1.0520446096654275,0.8475836431226765,0.0037174721189591076,0.16356877323420074,0.26022304832713755,0.04460966542750929,0.1524163568773234,0.11524163568773234,0.7657992565055762
22,0.4125,0.5666666666666667,0.008333333333333333,0.4375,0.36666666666666664,0.11666666666666667,0.0625,14.079166666666667,0.03333333333333333,0.0875,0.0625,0.029166666666666667,0.020833333333333332,0.041666666666666664,0.1875,0.025,0.0,0.0,0.03333333333333333,0.058333333333333334,0.0,0.029166666666666667,0.008333333333333333,0.37916666666666665,0.18333333333333332,0.1,0.3333333333333333,0.13333333333333333,0.20416666666666666,0.35833333333333334,0.05,0.17916666666666667,0.0125,0.05416666666666667,0.03333333333333333,0.041666666666666664,0.04583333333333333,0.0125,0.05416666666666667,0.03333333333333333,0.041666666666666664,0.04583333333333333,0.016666666666666666,0.025,0.0125,0.05,0.058333333333333334,0.041666666666666664,0.0,0.1,0.0125,0.0375,0.008333333333333333,0.19166666666666668,0.0,0.0,0.0,0.008333333333333333,0.004166666666666667,0.0,0.008333333333333333,0.7625,0.9291666666666667,0.625,0.2916666666666667,0.3125,0.058333333333333334,0.020833333333333332,0.0625,0.14583333333333334,0.004166666666666667,0.025,0.23333333333333334,1.0791666666666666,0.875,0.0,0.15,0.2625,0.041666666666666664,589.4541666666667,0.12916666666666668,0.9666666666666667
23,0.4533333333333333,0.5022222222222222,0.035555555555555556,0.40444444444444444,0.39555555555555555,0.1511111111111111,0.035555555555555556,15.008888888888889,0.013333333333333334,0.07111111111111111,0.04888888888888889,0.013333333333333334,0.017777777777777778,0.02666666666666667,0.20444444444444446,0.05333333333333334,0.0,0.0,0.044444444444444446,0.05333333333333334,0.0,0.03111111111111111,0.0044444444444444444,0.3422222222222222,0.19555555555555557,0.09333333333333334,0.36444444444444446,0.09333333333333334,0.14666666666666667,0.3422222222222222,0.035555555555555556,0.1511111111111111,0.017777777777777778,0.035555555555555556,0.04,0.022222222222222223,0.05333333333333334,0.008888888888888889,0.02666666666666667,0.017777777777777778,0.0044444444444444444,0.06222222222222222,0.0,0.017777777777777778,0.022222222222222223,0.04888888888888889,0.044444444444444446,0.04,0.0,0.05333333333333334,0.04,0.04888888888888889,0.02666666666666667,0.1511111111111111,0.0,0.0044444444444444444,0.0,0.0044444444444444444,0.0044444444444444444,0.0,0.008888888888888889,0.7288888888888889,0.8977777777777778,0.52,0.21333333333333335,0.28888888888888886,0.08444444444444445,0.035555555555555556,0.04,0.1288888888888889,0.0044444444444444444,0.03111111111111111,0.2311111111111111,1.1466666666666667,0.96,0.0044444444444444444,0.1688888888888889,0.27111111111111114,0.05333333333333334,0.12,0.12,0.7377777777777778
24,0.40444444444444444,0.5511111111111111,0.022222222222222223,0.3288888888888889,0.4444444444444444,0.18222222222222223,0.044444444444444446,15.026666666666667,0.035555555555555556,0.10222222222222223,0.022222222222222223,0.013333333333333334,0.013333333333333334,0.02666666666666667,0.13777777777777778,0.057777777777777775,0.0,0.0,0.04,0.044444444444444446,0.0,0.02666666666666667,0.008888888888888889,0.4488888888888889,0.1511111111111111,0.10222222222222223,0.3288888888888889,0.08888888888888889,0.17777777777777778,0.3466666666666667,0.035555555555555556,0.1511111111111111,0.0044444444444444444,0.035555555555555556,0.057777777777777775,0.008888888888888889,0.04888888888888889,0.035555555555555556,0.02666666666666667,0.04888888888888889,0.02666666666666667,0.057777777777777775,0.02666666666666667,0.0044444444444444444,0.03111111111111111,0.06666666666666667,0.06222222222222222,0.03111111111111111,0.0,0.06666666666666667,0.03111111111111111,0.04888888888888889,0.02666666666666667,0.15555555555555556,0.0,0.0044444444444444444,0.0,0.008888888888888889,0.008888888888888889,0.013333333333333334,0.0,0.7555555555555555,0.8888888888888888,0.64,0.29333333333333333,0.27555555555555555,0.08,0.06222222222222222,0.044444444444444446,0.16444444444444445,0.013333333333333334,0.02666666666666667,0.18666666666666668,1.1822222222222223,0.9733333333333334,0.0044444444444444444,0.17333333333333334,0.29333333333333333,0.05333333333333334,0.09777777777777778,0.12,0.7333333333333333
25,0.42696629213483145,0.5355805243445693,0.02247191011235955,0.3970037453183521,0.3782771535580524,0.16853932584269662,0.026217228464419477,13.247191011235955,0.03745318352059925,0.06741573033707865,0.00749063670411985,0.018726591760299626,0.0299625468164794,0.0299625468164794,0.16853932584269662,0.06367041198501873,0.0,0.0,0.0449438202247191,0.0599250936329588,0.011235955056179775,0.003745318352059925,0.00749063670411985,0.4157303370786517,0.16104868913857678,0.14232209737827714,0.299625468164794,0.1198501872659176,0.19101123595505617,0.2883895131086142,0.018726591760299626,0.13108614232209737,0.00749063670411985,0.02247191011235955,0.026217228464419477,0.0149812734082397,0.0449438202247191,0.02247191011235955,0.003745318352059925,0.0149812734082397,0.026217228464419477,0.07865168539325842,0.026217228464419477,0.018726591760299626,0.02247191011235955,0.0449438202247191,0.052434456928838954,0.04868913857677903,0.0,0.04119850187265917,0.0149812734082397,0.03745318352059925,0.02247191011235955,0.1797752808988764,0.003745318352059925,0.003745318352059925,0.00749063670411985,0.003745318352059925,0.003745318352059925,0.0,0.003745318352059925,0.7378277153558053,0.8913857677902621,0.6479400749063671,0.26591760299625467,0.3146067415730337,0.0599250936329588,0.0299625468164794,0.033707865168539325,0.13857677902621723,0.00749063670411985,0.018726591760299626,0.21348314606741572,1.1310861423220975,0.9438202247191011,0.003745318352059925,0.1647940074906367,0.2958801498127341,0.06367041198501873,0.08614232209737828,0.11610486891385768,0.7490636704119851
26,0.3483606557377049,0.6065573770491803,0.028688524590163935,0.38524590163934425,0.4385245901639344,0.13524590163934427,0.036885245901639344,14.602459016393443,0.05327868852459016,0.05327868852459016,0.020491803278688523,0.00819672131147541,0.036885245901639344,0.03278688524590164,0.19262295081967212,0.05737704918032787,0.0,0.0,0.028688524590163935,0.045081967213114756,0.012295081967213115,0.036885245901639344,0.00819672131147541,0.4016393442622951,0.14344262295081966,0.10655737704918032,0.3483606557377049,0.0860655737704918,0.23770491803278687,0.3360655737704918,0.04918032786885246,0.0942622950819672,0.012295081967213115,0.012295081967213115,0.05327868852459016,0.036885245901639344,0.05327868852459016,0.036885245901639344,0.028688524590163935,0.012295081967213115,0.020491803278688523,0.04918032786885246,0.045081967213114756,0.012295081967213115,0.02459016393442623,0.028688524590163935,0.08196721311475409,0.06147540983606557,0.0,0.03278688524590164,0.012295081967213115,0.05327868852459016,0.012295081967213115,0.20491803278688525,0.0,0.012295081967213115,0.0,0.004098360655737705,0.012295081967213115,0.0,0.012295081967213115,0.6885245901639344,0.8770491803278688,0.5942622950819673,0.20901639344262296,0.3237704918032787,0.05737704918032787,0.02459016393442623,0.020491803278688523,0.1598360655737705,0.004098360655737705,0.02459016393442623,0.27459016393442626,1.1844262295081966,0.9631147540983607,0.0,0.18442622950819673,0.2827868852459016,0.036885245901639344,0.13934426229508196,0.16393442622950818,0.8401639344262295
27,0.3072289156626506,0.6626506024096386,0.006024096385542169,0.4397590361445783,0.3493975903614458,0.1746987951807229,0.024096385542168676,13.518072289156626,0.05421686746987952,0.060240963855421686,0.024096385542168676,0.03614457831325301,0.03614457831325301,0.024096385542168676,0.21084337349397592,0.0783132530120482,0.012048192771084338,0.006024096385542169,0.018072289156626505,0.05421686746987952,0.006024096385542169,0.04819277108433735,0.024096385542168676,0.3132530120481928,0.18674698795180722,0.13855421686746988,0.41566265060240964,0.04216867469879518,0.30120481927710846,0.2891566265060241,0.07228915662650602,0.16265060240963855,0.012048192771084338,0.03614457831325301,0.08433734939759036,0.018072289156626505,0.07228915662650602,0.012048192771084338,0.060240963855421686,0.018072289156626505,0.03614457831325301,0.03614457831325301,0.030120481927710843,0.0,0.018072289156626505,0.07228915662650602,0.05421686746987952,0.04216867469879518,0.018072289156626505,0.024096385542168676,0.024096385542168676,0.060240963855421686,0.018072289156626505,0.16265060240963855,0.0,0.0,0.0,0.012048192771084338,0.0,0.006024096385542169,0.018072289156626505,0.7168674698795181,0.891566265060241,0.6626506024096386,0.3192771084337349,0.3674698795180723,0.09036144578313253,0.04216867469879518,0.060240963855421686,0.14457831325301204,0.012048192771084338,0.024096385542168676,0.3855421686746988,1.3433734939759037,1.0903614457831325,0.006024096385542169,0.21686746987951808,0.28313253012048195,0.0,6869.3975903614455,0.1144578313253012,0.9819277108433735
28,0.3722627737226277,0.6094890510948905,0.0036496350364963502,0.45985401459854014,0.35766423357664234,0.14963503649635038,0.025547445255474453,15.711678832116789,0.032846715328467155,0.06569343065693431,0.010948905109489052,0.010948905109489052,0.040145985401459854,0.029197080291970802,0.15328467153284672,0.06934306569343066,0.0,0.0036496350364963502,0.0072992700729927005,0.0948905109489051,0.0036496350364963502,0.032846715328467155,0.01824817518248175,0.4343065693430657,0.20802919708029197,0.12408759124087591,0.5145985401459854,0.09854014598540146,0.1678832116788321,0.28102189781021897,0.040145985401459854,0.10948905109489052,0.021897810218978103,0.014598540145985401,0.040145985401459854,0.029197080291970802,0.04744525547445255,0.014598540145985401,0.021897810218978103,0.025547445255474453,0.021897810218978103,0.051094890510948905,0.021897810218978103,0.014598540145985401,0.01824817518248175,0.06204379562043796,0.032846715328467155,0.06204379562043796,0.0,0.0364963503649635,0.0036496350364963502,0.043795620437956206,0.0072992700729927005,0.09124087591240876,0.0,0.0,0.0,0.0,0.0036496350364963502,0.0,0.0036496350364963502,0.7481751824817519,0.927007299270073,0.6167883211678832,0.2591240875912409,0.3357664233576642,0.06934306569343066,0.032846715328467155,0.014598540145985401,0.15328467153284672,0.0,0.04744525547445255,0.4051094890510949,1.167883211678832,0.9671532846715328,0.0,0.18613138686131386,0.30656934306569344,0.0,0.15328467153284672,0.0948905109489051,0.8029197080291971
29,0.4420289855072464,0.5253623188405797,0.028985507246376812,0.36231884057971014,0.39492753623188404,0.21739130434782608,0.018115942028985508,13.927536231884059,0.03260869565217391,0.09057971014492754,0.007246376811594203,0.028985507246376812,0.03260869565217391,0.025362318840579712,0.18115942028985507,0.028985507246376812,0.0,0.0036231884057971015,0.021739130434782608,0.05434782608695652,0.010869565217391304,0.028985507246376812,0.021739130434782608,0.4384057971014493,0.19927536231884058,0.11231884057971014,0.44565217391304346,0.11956521739130435,0.19927536231884058,0.286231884057971,0.07971014492753623,0.12681159420289856,0.0036231884057971015,0.043478260869565216,0.025362318840579712,0.03260869565217391,0.050724637681159424,0.028985507246376812,0.025362318840579712,0.021739130434782608,0.021739130434782608,0.06159420289855073,0.014492753623188406,0.018115942028985508,0.05434782608695652,0.07608695652173914,0.025362318840579712,0.025362318840579712,0.007246376811594203,0.03985507246376811,0.021739130434782608,0.04710144927536232,0.025362318840579712,0.08695652173913043,0.0,0.0036231884057971015,0.0036231884057971015,0.014492753623188406,0.007246376811594203,0.0,0.0036231884057971015,0.7427536231884058,0.9094202898550725,0.677536231884058,0.30434782608695654,0.40217391304347827,0.12318840579710146,0.04710144927536232,0.05434782608695652,0.19202898550724637,0.0036231884057971015,0.036231884057971016,0.35144927536231885,1.1340579710144927,0.9094202898550725,0.007246376811594203,0.18478260869565216,0.2608695652173913,0.0,0.11594202898550725,0.14130434782608695,0.6956521739130435
30,0.42292490118577075,0.549407114624506,0.015810276679841896,0.40711462450592883,0.4031620553359684,0.15019762845849802,0.03162055335968379,14.039525691699605,0.039525691699604744,0.08300395256916997,0.015810276679841896,0.05533596837944664,0.03162055335968379,0.023715415019762844,0.16600790513833993,0.02766798418972332,0.0,0.0,0.05138339920948617,0.05533596837944664,0.007905138339920948,0.02766798418972332,0.02766798418972332,0.3794466403162055,0.22529644268774704,0.09881422924901186,0.42292490118577075,0.1067193675889328,0.16205533596837945,0.30434782608695654,0.06719367588932806,0.13043478260869565,0.015810276679841896,0.02766798418972332,0.03162055335968379,0.02766798418972332,0.02766798418972332,0.03162055335968379,0.03162055335968379,0.03557312252964427,0.011857707509881422,0.039525691699604744,0.023715415019762844,0.019762845849802372,0.043478260869565216,0.04743083003952569,0.02766798418972332,0.04743083003952569,0.003952569169960474,0.039525691699604744,0.023715415019762844,0.04743083003952569,0.019762845849802372,0.09486166007905138,0.0,0.003952569169960474,0.003952569169960474,0.003952569169960474,0.007905138339920948,0.003952569169960474,0.003952569169960474,0.7509881422924901,0.8893280632411067,0.6442687747035574,0.30434782608695654,0.34782608695652173,0.07114624505928854,0.03162055335968379,0.043478260869565216,0.15810276679841898,0.0,0.007905138339920948,0.34782608695652173,1.1106719367588933,0.9169960474308301,0.0,0.16600790513833993,0.3438735177865613,0.0,0.08695652173913043,0.11462450592885376,0.7865612648221344
31,0.37549407114624506,0.5810276679841897,0.02766798418972332,0.4031620553359684,0.4268774703557312,0.1383399209486166,0.03162055335968379,14.268774703557312,0.05928853754940711,0.11067193675889328,0.007905138339920948,0.015810276679841896,0.023715415019762844,0.019762845849802372,0.17391304347826086,0.039525691699604744,0.0,0.003952569169960474,0.015810276679841896,0.06324110671936758,0.0,0.04743083003952569,0.019762845849802372,0.4031620553359684,0.17391304347826086,0.16996047430830039,0.3438735177865613,0.06324110671936758,0.20948616600790515,0.25296442687747034,0.07114624505928854,0.16600790513833993,0.015810276679841896,0.019762845849802372,0.02766798418972332,0.05928853754940711,0.043478260869565216,0.019762845849802372,0.03162055335968379,0.019762845849802372,0.09486166007905138,0.03557312252964427,0.019762845849802372,0.007905138339920948,0.019762845849802372,0.04743083003952569,0.039525691699604744,0.04743083003952569,0.007905138339920948,0.02766798418972332,0.003952569169960474,0.04743083003952569,0.015810276679841896,0.11462450592885376,0.0,0.0,0.0,0.007905138339920948,0.007905138339920948,0.003952569169960474,0.003952569169960474,0.7430830039525692,0.9011857707509882,0.6561264822134387,0.2885375494071146,0.3241106719367589,0.04743083003952569,0.039525691699604744,0.019762845849802372,0.17391304347826086,0.019762845849802372,0.02766798418972332,0.33992094861660077,1.007905138339921,0.8458498023715415,0.003952569169960474,0.1383399209486166,0.308300395256917,556.5731225296443,0.11462450592885376,0.11067193675889328,0.7865612648221344
32,0.36363636363636365,0.6047430830039525,0.019762845849802372,0.4031620553359684,0.42292490118577075,0.15019762845849802,0.019762845849802372,14.466403162055336,0.043478260869565216,0.10276679841897234,0.007905138339920948,0.023715415019762844,0.011857707509881422,0.04743083003952569,0.17786561264822134,0.023715415019762844,0.0,0.003952569169960474,0.05928853754940711,0.05138339920948617,0.003952569169960474,0.05138339920948617,0.019762845849802372,0.38735177865612647,0.16205533596837945,0.08695652173913043,0.2766798418972332,0.06324110671936758,0.20948616600790515,0.2964426877470356,0.08300395256916997,0.1383399209486166,0.007905138339920948,0.023715415019762844,0.039525691699604744,0.011857707509881422,0.019762845849802372,0.007905138339920948,0.02766798418972332,0.02766798418972332,0.06324110671936758,0.07905138339920949,0.019762845849802372,0.011857707509881422,0.03162055335968379,0.015810276679841896,0.07114624505928854,0.03162055335968379,0.003952569169960474,0.02766798418972332,0.019762845849802372,0.039525691699604744,0.02766798418972332,0.2134387351778656,0.007905138339920948,0.007905138339920948,0.0,0.007905138339920948,0.015810276679841896,0.007905138339920948,0.011857707509881422,0.7944664031620553,0.9486166007905138,0.6600790513833992,0.2727272727272727,0.33201581027667987,0.08300395256916997,0.019762845849802372,0.03557312252964427,0.20948616600790515,0.0,0.03162055335968379,0.3438735177865613,1.134387351778656,0.857707509881423,0.0,0.19367588932806323,0.2766798418972332,0.0,0.11067193675889328,0.1225296442687747,0.9367588932806324
33,0.32793522267206476,0.6194331983805668,0.04048582995951417,0.42105263157894735,0.3765182186234818,0.145748987854251,0.048582995951417005,14.125506072874494,0.04048582995951417,0.05668016194331984,0.008097165991902834,0.048582995951417005,0.020242914979757085,0.044534412955465584,0.15384615384615385,0.044534412955465584,0.0,0.004048582995951417,0.04048582995951417,0.06882591093117409,0.004048582995951417,0.024291497975708502,0.04048582995951417,0.42105263157894735,0.09716599190283401,0.05668016194331984,0.2145748987854251,0.048582995951417005,0.22672064777327935,0.3157894736842105,0.05263157894736842,0.1902834008097166,0.004048582995951417,0.048582995951417005,0.024291497975708502,0.02834008097165992,0.02834008097165992,0.016194331983805668,0.020242914979757085,0.02834008097165992,0.024291497975708502,0.05263157894736842,0.004048582995951417,0.004048582995951417,0.02834008097165992,0.04048582995951417,0.044534412955465584,0.06072874493927125,0.004048582995951417,0.044534412955465584,0.02834008097165992,0.03643724696356275,0.020242914979757085,0.2550607287449393,0.004048582995951417,0.004048582995951417,0.004048582995951417,0.016194331983805668,0.004048582995951417,0.004048582995951417,0.004048582995951417,0.7368421052631579,0.9311740890688259,0.6072874493927125,0.3076923076923077,0.3684210526315789,0.08906882591093117,0.012145748987854251,0.024291497975708502,0.1659919028340081,0.0,0.016194331983805668,0.32793522267206476,1.1700404858299596,0.9352226720647774,0.004048582995951417,0.1902834008097166,0.29554655870445345,0.0,0.0728744939271255,0.15384615384615385,0.7165991902834008
34,0.2535885167464115,0.6842105263157895,0.03827751196172249,0.40669856459330145,0.3588516746411483,0.1674641148325359,0.06220095693779904,17.449760765550238,0.023923444976076555,0.09090909090909091,0.023923444976076555,0.028708133971291867,0.009569377990430622,0.03349282296650718,0.1722488038277512,0.03349282296650718,0.0,0.0,0.023923444976076555,0.03827751196172249,0.0,0.04784688995215311,0.023923444976076555,0.45454545454545453,0.1291866028708134,0.07655502392344497,0.3014354066985646,0.06698564593301436,0.24880382775119617,0.19617224880382775,0.06698564593301436,0.11004784688995216,0.004784688995215311,0.009569377990430622,0.019138755980861243,0.004784688995215311,0.004784688995215311,0.014354066985645933,0.023923444976076555,0.04784688995215311,0.04784688995215311,0.03349282296650718,0.019138755980861243,0.0,0.023923444976076555,0.0430622009569378,0.03827751196172249,0.05741626794258373,0.014354066985645933,0.019138755980861243,0.014354066985645933,0.023923444976076555,0.019138755980861243,0.2631578947368421,0.009569377990430622,0.014354066985645933,0.004784688995215311,0.004784688995215311,0.023923444976076555,0.009569377990430622,0.009569377990430622,0.7511961722488039,0.8708133971291866,0.631578947368421,0.2966507177033493,0.3253588516746411,0.06220095693779904,0.019138755980861243,0.023923444976076555,0.19617224880382775,0.009569377990430622,0.023923444976076555,0.3444976076555024,1.1961722488038278,0.9665071770334929,0.0,0.17703349282296652,0.35406698564593303,0.0,0.09569377990430622,0.1291866028708134,1.0669856459330143
35,0.2688679245283019,0.6792452830188679,0.05660377358490566,0.419811320754717,0.37264150943396224,0.15566037735849056,0.04716981132075472,15.523584905660377,0.0330188679245283,0.07547169811320754,0.0047169811320754715,0.02358490566037736,0.009433962264150943,0.02358490566037736,0.21226415094339623,0.0330188679245283,0.009433962264150943,0.0,0.0330188679245283,0.07075471698113207,0.0,0.0330188679245283,0.018867924528301886,0.42452830188679247,0.09905660377358491,0.08490566037735849,0.27358490566037735,0.06132075471698113,0.2358490566037736,0.2028301886792453,0.08490566037735849,0.15566037735849056,0.0047169811320754715,0.009433962264150943,0.02358490566037736,0.014150943396226415,0.018867924528301886,0.0,0.018867924528301886,0.02358490566037736,0.07547169811320754,0.04245283018867924,0.014150943396226415,0.0047169811320754715,0.018867924528301886,0.02830188679245283,0.06132075471698113,0.0330188679245283,0.014150943396226415,0.03773584905660377,0.0047169811320754715,0.014150943396226415,0.0330188679245283,0.2688679245283019,0.0,0.0,0.0,0.009433962264150943,0.018867924528301886,0.009433962264150943,0.0047169811320754715,0.7264150943396226,0.8490566037735849,0.6462264150943396,0.27358490566037735,0.32547169811320753,0.09905660377358491,0.018867924528301886,0.04245283018867924,0.1792452830188679,0.0047169811320754715,0.0047169811320754715,0.39622641509433965,1.2688679245283019,1.0047169811320755,0.0,0.22169811320754718,0.2830188679245283,661.0990566037735,0.1320754716981132,0.1320754716981132,1.1415094339622642
36,0.3471502590673575,0.6062176165803109,0.046632124352331605,0.40932642487046633,0.44041450777202074,0.11917098445595854,0.025906735751295335,15.73056994818653,0.046632124352331605,0.05181347150259067,0.02072538860103627,0.010362694300518135,0.010362694300518135,0.02072538860103627,0.13989637305699482,0.03626943005181347,0.0,0.0,0.046632124352331605,0.07772020725388601,0.0,0.05699481865284974,0.02072538860103627,0.47150259067357514,0.13989637305699482,0.07253886010362694,0.23834196891191708,0.06735751295336788,0.2694300518134715,0.23316062176165803,0.07772020725388601,0.13471502590673576,0.0051813471502590676,0.0051813471502590676,0.010362694300518135,0.015544041450777202,0.010362694300518135,0.010362694300518135,0.010362694300518135,0.031088082901554404,0.04145077720207254,0.07253886010362694,0.02072538860103627,0.0051813471502590676,0.02072538860103627,0.031088082901554404,0.09326424870466321,0.06217616580310881,0.0,0.03626943005181347,0.05699481865284974,0.010362694300518135,0.03626943005181347,0.38860103626943004,0.0,0.0051813471502590676,0.0,0.015544041450777202,0.010362694300518135,0.0,0.031088082901554404,0.7616580310880829,0.9015544041450777,0.6424870466321243,0.34196891191709844,0.41450777202072536,0.11398963730569948,0.04145077720207254,0.031088082901554404,0.20725388601036268,0.0,0.010362694300518135,0.45077720207253885,1.5181347150259068,1.2124352331606219,0.0051813471502590676,0.20725388601036268,0.37823834196891193,0.04145077720207254,0.08808290155440414,0.10362694300518134,0.8393782383419689
37,0.34285714285714286,0.6142857142857143,0.02857142857142857,0.44285714285714284,0.36666666666666664,0.14285714285714285,0.04285714285714286,16.28095238095238,0.047619047619047616,0.09047619047619047,0.04285714285714286,0.01904761904761905,0.0,0.03333333333333333,0.17142857142857143,0.02857142857142857,0.0,0.0,0.05238095238095238,0.07142857142857142,0.0,0.05238095238095238,0.023809523809523808,0.3761904761904762,0.11904761904761904,0.08571428571428572,0.19523809523809524,0.1,0.2571428571428571,0.2523809523809524,0.10952380952380952,0.1380952380952381,0.0,0.023809523809523808,0.02857142857142857,0.009523809523809525,0.02857142857142857,0.004761904761904762,0.047619047619047616,0.01904761904761905,0.09047619047619047,0.05714285714285714,0.014285714285714285,0.004761904761904762,0.0,0.04285714285714286,0.0380952380952381,0.03333333333333333,0.009523809523809525,0.05238095238095238,0.023809523809523808,0.004761904761904762,0.047619047619047616,0.3142857142857143,0.0,0.0,0.009523809523809525,0.009523809523809525,0.03333333333333333,0.009523809523809525,0.0,0.7142857142857143,0.8952380952380953,0.6190476190476191,0.32857142857142857,0.37142857142857144,0.1,0.047619047619047616,0.047619047619047616,0.24285714285714285,0.0,0.014285714285714285,0.4095238095238095,1.4047619047619047,1.1476190476190475,0.004761904761904762,0.21428571428571427,0.319047619047619,0.047619047619047616,0.1523809523809524,0.1,0.9952380952380953
38,0.3835616438356164,0.5799086757990868,0.0319634703196347,0.3470319634703196,0.4474885844748858,0.1689497716894977,0.0273972602739726,16.28767123287671,0.0273972602739726,0.1004566210045662,0.0547945205479452,0.0547945205479452,0.0136986301369863,0.0273972602739726,0.1004566210045662,0.0684931506849315,0.0045662100456621,0.0,0.0410958904109589,0.0684931506849315,0.0091324200913242,0.0228310502283105,0.0319634703196347,0.4018264840182648,0.1050228310502283,0.0684931506849315,0.2009132420091324,0.0821917808219178,0.2146118721461187,0.182648401826484,0.0776255707762557,0.1232876712328767,0.0045662100456621,0.0228310502283105,0.0228310502283105,0.0091324200913242,0.0091324200913242,0.0091324200913242,0.0136986301369863,0.0273972602739726,0.0547945205479452,0.0365296803652968,0.0182648401826484,0.0136986301369863,0.0182648401826484,0.0319634703196347,0.0593607305936073,0.0547945205479452,0.0045662100456621,0.0365296803652968,0.0228310502283105,0.0136986301369863,0.0410958904109589,0.2328767123287671,0.0,0.0045662100456621,0.0,0.0182648401826484,0.0365296803652968,0.0091324200913242,0.0182648401826484,0.7442922374429224,0.908675799086758,0.639269406392694,0.3013698630136986,0.3424657534246575,0.1004566210045662,0.0547945205479452,0.0547945205479452,0.1963470319634703,0.0,0.0228310502283105,0.3881278538812785,1.452054794520548,1.08675799086758,0.0045662100456621,0.2557077625570776,0.2648401826484018,0.1141552511415525,0.1461187214611872,0.1095890410958904,0.9954337899543378
39,0.3574660633484163,0.6108597285067874,0.01809954751131222,0.45248868778280543,0.34841628959276016,0.14479638009049775,0.05429864253393665,16.126696832579185,0.027149321266968326,0.07692307692307693,0.05429864253393665,0.05429864253393665,0.02262443438914027,0.02262443438914027,0.14027149321266968,0.027149321266968326,0.0,0.00904977375565611,0.03167420814479638,0.06334841628959276,0.004524886877828055,0.049773755656108594,0.03619909502262444,0.38009049773755654,0.11312217194570136,0.049773755656108594,0.22171945701357465,0.09502262443438914,0.28054298642533937,0.21266968325791855,0.11764705882352941,0.16289592760180996,0.013574660633484163,0.03167420814479638,0.01809954751131222,0.02262443438914027,0.03167420814479638,0.004524886877828055,0.01809954751131222,0.04524886877828054,0.08144796380090498,0.04524886877828054,0.02262443438914027,0.004524886877828055,0.00904977375565611,0.049773755656108594,0.058823529411764705,0.027149321266968326,0.013574660633484163,0.06334841628959276,0.058823529411764705,0.013574660633484163,0.02262443438914027,0.2986425339366516,0.00904977375565611,0.00904977375565611,0.004524886877828055,0.02262443438914027,0.00904977375565611,0.01809954751131222,0.01809954751131222,0.8009049773755657,0.9140271493212669,0.6380090497737556,0.334841628959276,0.3936651583710407,0.10407239819004525,0.01809954751131222,0.03167420814479638,0.13574660633484162,0.004524886877828055,0.02262443438914027,0.39819004524886875,1.2760180995475112,0.9728506787330317,0.004524886877828055,0.22624434389140272,0.27149321266968324,0.04072398190045249,0.09954751131221719,0.11312217194570136,1.0316742081447965
40,0.45685279187817257,0.5177664974619289,0.02030456852791878,0.4213197969543147,0.3553299492385787,0.19796954314720813,0.02030456852791878,14.48730964467005,0.050761421319796954,0.10152284263959391,0.15736040609137056,0.030456852791878174,0.025380710659898477,0.05583756345177665,0.1116751269035533,0.030456852791878174,0.0,0.0,0.03553299492385787,0.050761421319796954,0.01015228426395939,0.025380710659898477,0.0,0.3553299492385787,0.2182741116751269,0.1065989847715736,0.23857868020304568,0.06091370558375635,0.18781725888324874,0.24873096446700507,0.14213197969543148,0.17766497461928935,0.01015228426395939,0.030456852791878174,0.025380710659898477,0.01015228426395939,0.015228426395939087,0.02030456852791878,0.02030456852791878,0.02030456852791878,0.09137055837563451,0.07614213197969544,0.02030456852791878,0.005076142131979695,0.02030456852791878,0.030456852791878174,0.06091370558375635,0.04060913705583756,0.01015228426395939,0.04060913705583756,0.030456852791878174,0.030456852791878174,0.02030456852791878,0.2233502538071066,0.0,0.015228426395939087,0.01015228426395939,0.015228426395939087,0.015228426395939087,0.0,0.005076142131979695,0.8223350253807107,0.9289340101522843,0.5989847715736041,0.29949238578680204,0.4213197969543147,0.1065989847715736,0.050761421319796954,0.030456852791878174,0.16751269035532995,0.01015228426395939,0.015228426395939087,0.3401015228426396,1.1573604060913705,0.8781725888324873,0.0,0.2182741116751269,0.18274111675126903,0.06091370558375635,0.17766497461928935,0.16751269035532995,0.8121827411167513
41,0.4187192118226601,0.5615763546798029,0.024630541871921183,0.41379310344827586,0.3842364532019704,0.15270935960591134,0.04926108374384237,15.31527093596059,0.04433497536945813,0.13793103448275862,0.10344827586206896,0.0049261083743842365,0.019704433497536946,0.019704433497536946,0.1625615763546798,0.024630541871921183,0.0,0.009852216748768473,0.03940886699507389,0.06403940886699508,0.0049261083743842365,0.009852216748768473,0.009852216748768473,0.37438423645320196,0.1724137931034483,0.1330049261083744,0.24630541871921183,0.059113300492610835,0.22660098522167488,0.23645320197044334,0.11822660098522167,0.18226600985221675,0.029556650246305417,0.029556650246305417,0.029556650246305417,0.03940886699507389,0.009852216748768473,0.014778325123152709,0.009852216748768473,0.029556650246305417,0.08374384236453201,0.07389162561576355,0.034482758620689655,0.0049261083743842365,0.0049261083743842365,0.014778325123152709,0.034482758620689655,0.034482758620689655,0.009852216748768473,0.03940886699507389,0.009852216748768473,0.029556650246305417,0.014778325123152709,0.17733990147783252,0.0049261083743842365,0.0049261083743842365,0.0,0.0049261083743842365,0.019704433497536946,0.019704433497536946,0.009852216748768473,0.8177339901477833,0.9359605911330049,0.6896551724137931,0.3251231527093596,0.4088669950738916,0.10344827586206896,0.054187192118226604,0.034482758620689655,0.11822660098522167,0.009852216748768473,0.034482758620689655,0.33004926108374383,1.0147783251231528,0.7931034482758621,0.029556650246305417,0.16748768472906403,0.2019704433497537,0.07881773399014778,0.18719211822660098,0.12807881773399016,0.916256157635468
42,0.38028169014084506,0.5539906103286385,0.03755868544600939,0.4225352112676056,0.39906103286384975,0.1596244131455399,0.014084507042253521,14.262910798122066,0.028169014084507043,0.0892018779342723,0.0892018779342723,0.028169014084507043,0.028169014084507043,0.018779342723004695,0.15023474178403756,0.03286384976525822,0.0,0.0,0.03286384976525822,0.046948356807511735,0.004694835680751174,0.014084507042253521,0.0,0.4413145539906103,0.19248826291079812,0.056338028169014086,0.3145539906103286,0.107981220657277,0.16901408450704225,0.28169014084507044,0.10328638497652583,0.17370892018779344,0.023474178403755867,0.03755868544600939,0.04225352112676056,0.046948356807511735,0.03286384976525822,0.028169014084507043,0.023474178403755867,0.03286384976525822,0.07042253521126761,0.07042253521126761,0.03286384976525822,0.014084507042253521,0.018779342723004695,0.03755868544600939,0.04225352112676056,0.028169014084507043,0.009389671361502348,0.056338028169014086,0.023474178403755867,0.03286384976525822,0.028169014084507043,0.14553990610328638,0.009389671361502348,0.014084507042253521,0.004694835680751174,0.0,0.0,0.014084507042253521,0.009389671361502348,0.7981220657276995,0.9248826291079812,0.6056338028169014,0.2347417840375587,0.24882629107981222,0.07981220657276995,0.03755868544600939,0.03286384976525822,0.1643192488262911,0.004694835680751174,0.028169014084507043,0.215962441314554,0.8262910798122066,0.6572769953051644,0.004694835680751174,0.14084507042253522,0.18779342723004694,0.06572769953051644,0.10328638497652583,0.12206572769953052,0.7699530516431925
43,0.4558139534883721,0.4930232558139535,0.03255813953488372,0.3674418604651163,0.4418604651162791,0.17209302325581396,0.018604651162790697,14.074418604651163,0.037209302325581395,0.13023255813953488,0.07441860465116279,0.04186046511627907,0.013953488372093023,0.009302325581395349,0.15813953488372093,0.04186046511627907,0.0,0.0,0.027906976744186046,0.05581395348837209,0.009302325581395349,0.018604651162790697,0.027906976744186046,0.39069767441860465,0.16744186046511628,0.10697674418604651,0.2837209302325581,0.07441860465116279,0.16744186046511628,0.22325581395348837,0.10232558139534884,0.14883720930232558,0.023255813953488372,0.027906976744186046,0.03255813953488372,0.018604651162790697,0.03255813953488372,0.037209302325581395,0.013953488372093023,0.027906976744186046,0.08837209302325581,0.07906976744186046,0.013953488372093023,0.004651162790697674,0.023255813953488372,0.009302325581395349,0.018604651162790697,0.046511627906976744,0.004651162790697674,0.037209302325581395,0.013953488372093023,0.037209302325581395,0.037209302325581395,0.17209302325581396,0.0,0.0,0.004651162790697674,0.009302325581395349,0.009302325581395349,0.013953488372093023,0.009302325581395349,0.772093023255814,0.8976744186046511,0.6604651162790698,0.26976744186046514,0.27906976744186046,0.12558139534883722,0.018604651162790697,0.03255813953488372,0.17209302325581396,0.004651162790697674,0.027906976744186046,0.21395348837209302,0.813953488372093,0.6511627906976745,0.009302325581395349,0.13023255813953488,0.20930232558139536,0.046511627906976744,0.10697674418604651,0.13953488372093023,0.9023255813953488
44,0.537117903930131,0.4148471615720524,0.039301310043668124,0.4104803493449782,0.37554585152838427,0.1615720524017467,0.043668122270742356,15.126637554585153,0.043668122270742356,0.07423580786026202,0.048034934497816595,0.034934497816593885,0.021834061135371178,0.017467248908296942,0.14847161572052403,0.043668122270742356,0.004366812227074236,0.0,0.056768558951965066,0.05240174672489083,0.004366812227074236,0.004366812227074236,0.021834061135371178,0.43231441048034935,0.27510917030567683,0.11353711790393013,0.24890829694323144,0.09170305676855896,0.15283842794759825,0.34497816593886466,0.1091703056768559,0.18340611353711792,0.034934497816593885,0.03056768558951965,0.06986899563318777,0.017467248908296942,0.034934497816593885,0.039301310043668124,0.013100436681222707,0.017467248908296942,0.08296943231441048,0.08296943231441048,0.03056768558951965,0.008733624454148471,0.021834061135371178,0.021834061135371178,0.03056768558951965,0.048034934497816595,0.0,0.07423580786026202,0.021834061135371178,0.048034934497816595,0.034934497816593885,0.13973799126637554,0.0,0.0,0.0,0.013100436681222707,0.017467248908296942,0.008733624454148471,0.004366812227074236,0.7816593886462883,0.8951965065502183,0.611353711790393,0.30131004366812225,0.34934497816593885,0.08296943231441048,0.026200873362445413,0.03056768558951965,0.14847161572052403,0.004366812227074236,0.039301310043668124,0.2838427947598253,1.2532751091703056,0.982532751091703,0.056768558951965066,0.18777292576419213,0.2052401746724891,0.1703056768558952,0.13537117903930132,0.08733624454148471,0.8733624454148472
45,0.425531914893617,0.5,0.047872340425531915,0.425531914893617,0.3829787234042553,0.14893617021276595,0.03723404255319149,13.425531914893616,0.02127659574468085,0.12234042553191489,0.10106382978723404,0.02127659574468085,0.015957446808510637,0.05851063829787234,0.1595744680851064,0.026595744680851064,0.005319148936170213,0.0,0.031914893617021274,0.03723404255319149,0.0,0.015957446808510637,0.015957446808510637,0.3776595744680851,0.18085106382978725,0.09042553191489362,0.22872340425531915,0.06914893617021277,0.11170212765957446,0.26063829787234044,0.11170212765957446,0.15425531914893617,0.005319148936170213,0.03723404255319149,0.031914893617021274,0.031914893617021274,0.015957446808510637,0.015957446808510637,0.010638297872340425,0.005319148936170213,0.0797872340425532,0.047872340425531915,0.026595744680851064,0.010638297872340425,0.015957446808510637,0.047872340425531915,0.03723404255319149,0.03723404255319149,0.0,0.0797872340425532,0.010638297872340425,0.015957446808510637,0.005319148936170213,0.13297872340425532,0.005319148936170213,0.010638297872340425,0.0,0.005319148936170213,0.005319148936170213,0.005319148936170213,0.0,0.7819148936170213,0.9202127659574468,0.6436170212765957,0.2978723404255319,0.3351063829787234,0.11702127659574468,0.03723404255319149,0.03723404255319149,0.18085106382978725,0.005319148936170213,0.03723404255319149,0.2765957446808511,1.3563829787234043,1.0957446808510638,0.11702127659574468,0.14361702127659576,0.2765957446808511,0.19148936170212766,0.1276595744680851,0.09574468085106383,0.8776595744680851
46,0.45643153526970953,0.5062240663900415,0.024896265560165973,0.45228215767634855,0.35269709543568467,0.12033195020746888,0.07053941908713693,12.605809128630705,0.029045643153526972,0.058091286307053944,0.08298755186721991,0.029045643153526972,0.029045643153526972,0.03319502074688797,0.14522821576763487,0.04564315352697095,0.004149377593360996,0.0,0.029045643153526972,0.06639004149377593,0.0,0.004149377593360996,0.016597510373443983,0.44398340248962653,0.21161825726141079,0.07053941908713693,0.23236514522821577,0.07883817427385892,0.1950207468879668,0.27800829875518673,0.07053941908713693,0.1991701244813278,0.008298755186721992,0.03734439834024896,0.04564315352697095,0.02074688796680498,0.016597510373443983,0.008298755186721992,0.012448132780082987,0.012448132780082987,0.1078838174273859,0.07468879668049792,0.03734439834024896,0.008298755186721992,0.029045643153526972,0.04149377593360996,0.03734439834024896,0.03734439834024896,0.012448132780082987,0.07883817427385892,0.012448132780082987,0.03734439834024896,0.029045643153526972,0.13278008298755187,0.004149377593360996,0.004149377593360996,0.0,0.004149377593360996,0.016597510373443983,0.004149377593360996,0.008298755186721992,0.7302904564315352,0.8962655601659751,0.5975103734439834,0.2697095435684647,0.3029045643153527,0.11203319502074689,0.03734439834024896,0.024896265560165973,0.14107883817427386,0.012448132780082987,0.03734439834024896,0.2033195020746888,1.2157676348547717,0.921161825726141,0.1037344398340249,0.17427385892116182,0.22821576763485477,0.13278008298755187,0.13278008298755187,0.12448132780082988,0.8423236514522822
47,0.4177215189873418,0.5379746835443038,0.02531645569620253,0.43670886075949367,0.379746835443038,0.10126582278481013,0.06962025316455696,14.069620253164556,0.03164556962025317,0.04430379746835443,0.08860759493670886,0.0189873417721519,0.0189873417721519,0.012658227848101266,0.16455696202531644,0.04430379746835443,0.0,0.0,0.0759493670886076,0.0759493670886076,0.012658227848101266,0.012658227848101266,0.0189873417721519,0.3987341772151899,0.17088607594936708,0.06962025316455696,0.18354430379746836,0.0949367088607595,0.18354430379746836,0.25949367088607594,0.0759493670886076,0.16455696202531644,0.006329113924050633,0.04430379746835443,0.0379746835443038,0.0189873417721519,0.0379746835443038,0.006329113924050633,0.03164556962025317,0.056962025316455694,0.08860759493670886,0.03164556962025317,0.0189873417721519,0.0,0.02531645569620253,0.02531645569620253,0.056962025316455694,0.0189873417721519,0.0,0.06329113924050633,0.0379746835443038,0.03164556962025317,0.056962025316455694,0.189873417721519,0.006329113924050633,0.006329113924050633,0.0,0.0189873417721519,0.0189873417721519,0.0,0.0,0.7784810126582279,0.9367088607594937,0.6329113924050633,0.3037974683544304,0.3924050632911392,0.10759493670886076,0.0189873417721519,0.05063291139240506,0.14556962025316456,0.0189873417721519,0.0379746835443038,0.2911392405063291,1.2721518987341771,1.0063291139240507,0.06329113924050633,0.17721518987341772,0.2911392405063291,0.11392405063291139,0.12025316455696203,0.11392405063291139,0.810126582278481
48,0.3384615384615385,0.6,0.046153846153846156,0.49230769230769234,0.4153846153846154,0.07692307692307693,0.007692307692307693,14.076923076923077,0.023076923076923078,0.05384615384615385,0.06923076923076923,0.007692307692307693,0.023076923076923078,0.046153846153846156,0.16153846153846155,0.03076923076923077,0.0,0.0,0.046153846153846156,0.05384615384615385,0.0,0.023076923076923078,0.015384615384615385,0.4461538461538462,0.13846153846153847,0.05384615384615385,0.3384615384615385,0.08461538461538462,0.18461538461538463,0.18461538461538463,0.09230769230769231,0.19230769230769232,0.007692307692307693,0.023076923076923078,0.015384615384615385,0.023076923076923078,0.038461538461538464,0.007692307692307693,0.023076923076923078,0.03076923076923077,0.13076923076923078,0.03076923076923077,0.007692307692307693,0.0,0.03076923076923077,0.046153846153846156,0.015384615384615385,0.05384615384615385,0.0,0.05384615384615385,0.0,0.038461538461538464,0.023076923076923078,0.1076923076923077,0.0,0.007692307692307693,0.0,0.023076923076923078,0.0,0.007692307692307693,0.0,0.7769230769230769,0.9307692307692308,0.6076923076923076,0.25384615384615383,0.3230769230769231,0.12307692307692308,0.06153846153846154,0.015384615384615385,0.12307692307692308,0.0,0.05384615384615385,0.2153846153846154,1.2538461538461538,0.9384615384615385,0.1076923076923077,0.14615384615384616,0.24615384615384617,0.19230769230769232,0.09230769230769231,0.1076923076923077,1.1153846153846154
49,0.4292682926829268,0.5170731707317073,0.04390243902439024,0.3902439024390244,0.4682926829268293,0.13170731707317074,0.00975609756097561,15.175609756097561,0.03902439024390244,0.07804878048780488,0.0975609756097561,0.024390243902439025,0.02926829268292683,0.03902439024390244,0.14634146341463414,0.024390243902439025,0.0,0.0,0.01951219512195122,0.05365853658536585,0.004878048780487805,0.014634146341463415,0.024390243902439025,0.43414634146341463,0.18048780487804877,0.09268292682926829,0.2682926829268293,0.08292682926829269,0.15121951219512195,0.2731707317073171,0.1024390243902439,0.13658536585365855,0.00975609756097561,0.04878048780487805,0.024390243902439025,0.024390243902439025,0.024390243902439025,0.014634146341463415,0.014634146341463415,0.02926829268292683,0.08780487804878048,0.04878048780487805,0.014634146341463415,0.014634146341463415,0.014634146341463415,0.03414634146341464,0.05853658536585366,0.024390243902439025,0.004878048780487805,0.05365853658536585,0.00975609756097561,0.05365853658536585,0.024390243902439025,0.13658536585365855,0.004878048780487805,0.004878048780487805,0.0,0.004878048780487805,0.004878048780487805,0.014634146341463415,0.0,0.7268292682926829,0.8829268292682927,0.5707317073170731,0.28780487804878047,0.2926829268292683,0.1073170731707317,0.03414634146341464,0.04390243902439024,0.13170731707317074,0.00975609756097561,0.02926829268292683,0.25853658536585367,1.3219512195121952,1.048780487804878,0.11707317073170732,0.15609756097560976,0.28780487804878047,0.18048780487804877,0.11219512195121951,0.09268292682926829,0.8146341463414634
50,0.41904761904761906,0.5571428571428572,0.004761904761904762,0.43333333333333335,0.38095238095238093,0.14761904761904762,0.0380952380952381,13.895238095238096,0.02857142857142857,0.0380952380952381,0.08571428571428572,0.0380952380952381,0.004761904761904762,0.01904761904761905,0.15714285714285714,0.02857142857142857,0.0,0.0,0.009523809523809525,0.05714285714285714,0.0,0.014285714285714285,0.01904761904761905,0.49047619047619045,0.1619047619047619,0.11904761904761904,0.3333333333333333,0.10476190476190476,0.13333333333333333,0.22380952380952382,0.12380952380952381,0.17142857142857143,0.004761904761904762,0.014285714285714285,0.02857142857142857,0.014285714285714285,0.02857142857142857,0.009523809523809525,0.01904761904761905,0.009523809523809525,0.0761904761904762,0.02857142857142857,0.014285714285714285,0.009523809523809525,0.01904761904761905,0.009523809523809525,0.0380952380952381,0.023809523809523808,0.009523809523809525,0.05714285714285714,0.014285714285714285,0.009523809523809525,0.023809523809523808,0.08571428571428572,0.004761904761904762,0.009523809523809525,0.004761904761904762,0.009523809523809525,0.0,0.0,0.004761904761904762,0.7761904761904762,0.9047619047619048,0.6095238095238096,0.2904761904761905,0.3142857142857143,0.09047619047619047,0.023809523809523808,0.01904761904761905,0.19523809523809524,0.009523809523809525,0.023809523809523808,0.3,1.3523809523809525,1.1095238095238096,0.07142857142857142,0.18095238095238095,0.3,0.21428571428571427,0.1380952380952381,0.11428571428571428,1.0809523809523809
51,0.4340659340659341,0.521978021978022,0.02197802197802198,0.4010989010989011,0.45054945054945056,0.10989010989010989,0.027472527472527472,13.576923076923077,0.07142857142857142,0.08241758241758242,0.04395604395604396,0.038461538461538464,0.016483516483516484,0.027472527472527472,0.14285714285714285,0.038461538461538464,0.0,0.0,0.027472527472527472,0.04395604395604396,0.0,0.03296703296703297,0.01098901098901099,0.4230769230769231,0.14835164835164835,0.07692307692307693,0.31868131868131866,0.054945054945054944,0.21428571428571427,0.27472527472527475,0.04945054945054945,0.15934065934065933,0.005494505494505495,0.02197802197802198,0.02197802197802198,0.038461538461538464,0.04395604395604396,0.016483516483516484,0.04395604395604396,0.04395604395604396,0.054945054945054944,0.054945054945054944,0.016483516483516484,0.01098901098901099,0.016483516483516484,0.02197802197802198,0.06043956043956044,0.08241758241758242,0.005494505494505495,0.06593406593406594,0.027472527472527472,0.027472527472527472,0.03296703296703297,0.12087912087912088,0.005494505494505495,0.01098901098901099,0.005494505494505495,0.005494505494505495,0.005494505494505495,0.0,0.005494505494505495,0.7527472527472527,0.8791208791208791,0.5659340659340659,0.2692307692307692,0.2857142857142857,0.14285714285714285,0.02197802197802198,0.038461538461538464,0.14285714285714285,0.01098901098901099,0.027472527472527472,0.23626373626373626,1.2692307692307692,1.065934065934066,0.054945054945054944,0.14835164835164835,0.31868131868131866,0.12087912087912088,0.15384615384615385,0.14835164835164835,0.7692307692307693
52,0.3723404255319149,0.574468085106383,0.031914893617021274,0.3617021276595745,0.39361702127659576,0.1595744680851064,0.0851063829787234,16.393617021276597,0.07446808510638298,0.14893617021276595,0.0,0.02127659574468085,0.010638297872340425,0.05319148936170213,0.1276595744680851,0.02127659574468085,0.0,0.0,0.02127659574468085,0.10638297872340426,0.0,0.0425531914893617,0.010638297872340425,0.3829787234042553,0.1702127659574468,0.11702127659574468,0.32978723404255317,0.0851063829787234,0.2127659574468085,0.26595744680851063,0.07446808510638298,0.23404255319148937,0.010638297872340425,0.0425531914893617,0.06382978723404255,0.031914893617021274,0.0425531914893617,0.031914893617021274,0.05319148936170213,0.031914893617021274,0.13829787234042554,0.11702127659574468,0.02127659574468085,0.031914893617021274,0.02127659574468085,0.05319148936170213,0.07446808510638298,0.02127659574468085,0.0,0.02127659574468085,0.0,0.0,0.031914893617021274,0.09574468085106383,0.0,0.010638297872340425,0.0,0.0,0.0,0.0,0.0,0.8191489361702128,0.9042553191489362,0.6914893617021277,0.3404255319148936,0.30851063829787234,0.0851063829787234,0.031914893617021274,0.02127659574468085,0.13829787234042554,0.02127659574468085,0.06382978723404255,0.26595744680851063,1.074468085106383,0.8723404255319149,0.07446808510638298,0.11702127659574468,0.23404255319148937,0.14893617021276595,0.1595744680851064,0.09574468085106383,1.1595744680851063
53,0.23529411764705882,0.7647058823529411,0.0,0.47058823529411764,0.4117647058823529,0.058823529411764705,0.058823529411764705,16.764705882352942,0.058823529411764705,0.0,0.0,0.0,0.11764705882352941,0.0,0.17647058823529413,0.0,0.0,0.0,0.0,0.0,0.0,0.0,0.0,0.6470588235294118,0.23529411764705882,0.17647058823529413,0.6470588235294118,0.0,0.23529411764705882,0.35294117647058826,0.0,0.35294117647058826,0.058823529411764705,0.058823529411764705,0.058823529411764705,0.058823529411764705,0.0,0.058823529411764705,0.11764705882352941,0.0,0.11764705882352941,0.058823529411764705,0.058823529411764705,0.0,0.0,0.11764705882352941,0.17647058823529413,0.0,0.0,0.0,0.0,0.11764705882352941,0.0,0.0,0.0,0.0,0.0,0.0,0.0,0.0,0.0,0.6470588235294118,0.8235294117647058,0.7058823529411765,0.35294117647058826,0.29411764705882354,0.0,0.058823529411764705,0.0,0.23529411764705882,0.058823529411764705,0.058823529411764705,0.0,0.0,0.0,0.0,0.0,0.0,0.0,0.0,0.17647058823529413,1.0588235294117647
